track_id,title,genre
0,Synthetic Track 0,jazz
1,Synthetic Track 1,pop
2,Synthetic Track 2,jazz
3,Synthetic Track 3,rock
4,Synthetic Track 4,classical
5,Synthetic Track 5,jazz
6,Synthetic Track 6,classical
7,Synthetic Track 7,electronic
8,Synthetic Track 8,jazz
9,Synthetic Track 9,hiphop
10,Synthetic Track 10,latin
11,Synthetic Track 11,jazz
12,Synthetic Track 12,rock
13,Synthetic Track 13,ambient
14,Synthetic Track 14,ambient
15,Synthetic Track 15,hiphop
16,Synthetic Track 16,pop
17,Synthetic Track 17,rock
18,Synthetic Track 18,hiphop
19,Synthetic Track 19,hiphop
20,Synthetic Track 20,rock
21,Synthetic Track 21,electronic
22,Synthetic Track 22,jazz
23,Synthetic Track 23,ambient
24,Synthetic Track 24,pop
25,Synthetic Track 25,pop
26,Synthetic Track 26,pop
27,Synthetic Track 27,latin
28,Synthetic Track 28,electronic
29,Synthetic Track 29,electronic
30,Synthetic Track 30,rock
31,Synthetic Track 31,pop
32,Synthetic Track 32,classical
33,Synthetic Track 33,pop
34,Synthetic Track 34,pop
35,Synthetic Track 35,ambient
36,Synthetic Track 36,jazz
37,Synthetic Track 37,hiphop
38,Synthetic Track 38,hiphop
39,Synthetic Track 39,pop
40,Synthetic Track 40,latin
41,Synthetic Track 41,rock
42,Synthetic Track 42,ambient
43,Synthetic Track 43,rock
44,Synthetic Track 44,hiphop
45,Synthetic Track 45,hiphop
46,Synthetic Track 46,latin
47,Synthetic Track 47,pop
48,Synthetic Track 48,rock
49,Synthetic Track 49,electronic
50,Synthetic Track 50,rock
51,Synthetic Track 51,latin
52,Synthetic Track 52,electronic
53,Synthetic Track 53,ambient
54,Synthetic Track 54,hiphop
55,Synthetic Track 55,jazz
56,Synthetic Track 56,rock
57,Synthetic Track 57,hiphop
58,Synthetic Track 58,rock
59,Synthetic Track 59,electronic
60,Synthetic Track 60,classical
61,Synthetic Track 61,classical
62,Synthetic Track 62,electronic
63,Synthetic Track 63,rock
64,Synthetic Track 64,jazz
65,Synthetic Track 65,classical
66,Synthetic Track 66,classical
67,Synthetic Track 67,classical
68,Synthetic Track 68,ambient
69,Synthetic Track 69,latin
70,Synthetic Track 70,rock
71,Synthetic Track 71,electronic
72,Synthetic Track 72,hiphop
73,Synthetic Track 73,ambient
74,Synthetic Track 74,ambient
75,Synthetic Track 75,jazz
76,Synthetic Track 76,jazz
77,Synthetic Track 77,electronic
78,Synthetic Track 78,jazz
79,Synthetic Track 79,hiphop
80,Synthetic Track 80,hiphop
81,Synthetic Track 81,rock
82,Synthetic Track 82,rock
83,Synthetic Track 83,latin
84,Synthetic Track 84,pop
85,Synthetic Track 85,latin
86,Synthetic Track 86,ambient
87,Synthetic Track 87,rock
88,Synthetic Track 88,jazz
89,Synthetic Track 89,ambient
90,Synthetic Track 90,classical
91,Synthetic Track 91,rock
92,Synthetic Track 92,hiphop
93,Synthetic Track 93,hiphop
94,Synthetic Track 94,ambient
95,Synthetic Track 95,rock
96,Synthetic Track 96,ambient
97,Synthetic Track 97,ambient
98,Synthetic Track 98,jazz
99,Synthetic Track 99,jazz
100,Synthetic Track 100,hiphop
101,Synthetic Track 101,electronic
102,Synthetic Track 102,rock
103,Synthetic Track 103,pop
104,Synthetic Track 104,ambient
105,Synthetic Track 105,ambient
106,Synthetic Track 106,jazz
107,Synthetic Track 107,ambient
108,Synthetic Track 108,electronic
109,Synthetic Track 109,classical
110,Synthetic Track 110,latin
111,Synthetic Track 111,ambient
112,Synthetic Track 112,jazz
113,Synthetic Track 113,ambient
114,Synthetic Track 114,electronic
115,Synthetic Track 115,hiphop
116,Synthetic Track 116,pop
117,Synthetic Track 117,rock
118,Synthetic Track 118,electronic
119,Synthetic Track 119,latin
