user_id,preferred_genre
0,electronic
1,latin
2,classical
3,pop
4,pop
5,latin
6,electronic
7,classical
8,jazz
9,electronic
10,hiphop
11,ambient
12,classical
13,latin
14,classical
15,latin
16,hiphop
17,jazz
18,latin
19,pop
20,hiphop
21,rock
22,jazz
23,ambient
24,latin
25,classical
26,pop
27,latin
28,hiphop
29,pop
30,pop
31,jazz
32,electronic
33,hiphop
34,ambient
35,electronic
36,latin
37,latin
38,rock
39,classical
40,jazz
41,latin
42,classical
43,rock
44,electronic
45,ambient
46,pop
47,ambient
48,classical
49,latin
50,latin
51,jazz
52,rock
53,pop
54,pop
55,electronic
56,hiphop
57,jazz
58,classical
59,classical
60,ambient
61,classical
62,rock
63,ambient
64,pop
65,rock
66,ambient
67,rock
68,electronic
69,pop
70,latin
71,jazz
72,pop
73,jazz
74,classical
75,pop
76,rock
77,jazz
78,hiphop
79,classical
80,ambient
81,pop
82,jazz
83,latin
84,classical
85,classical
86,electronic
87,rock
88,latin
89,latin
90,pop
91,latin
92,latin
93,pop
94,ambient
95,rock
96,jazz
97,classical
98,classical
99,jazz
100,latin
101,jazz
102,latin
103,electronic
104,latin
105,latin
106,latin
107,classical
108,pop
109,classical
110,rock
111,latin
112,hiphop
113,pop
114,hiphop
115,hiphop
116,electronic
117,jazz
118,jazz
119,electronic
120,pop
121,classical
122,classical
123,pop
124,latin
125,hiphop
126,electronic
127,latin
128,hiphop
129,classical
130,hiphop
131,hiphop
132,electronic
133,hiphop
134,latin
135,rock
136,hiphop
137,electronic
138,rock
139,pop
140,ambient
141,jazz
142,rock
143,pop
144,ambient
145,latin
146,electronic
147,jazz
148,latin
149,electronic
150,latin
151,rock
152,ambient
153,rock
154,pop
155,classical
156,jazz
157,hiphop
158,hiphop
159,latin
160,ambient
161,classical
162,pop
163,pop
164,pop
165,latin
166,rock
167,jazz
168,rock
169,electronic
170,electronic
171,electronic
172,latin
173,classical
174,classical
175,pop
176,classical
177,jazz
178,ambient
179,hiphop
180,ambient
181,jazz
182,pop
183,classical
184,pop
185,pop
186,jazz
187,pop
188,jazz
189,rock
190,classical
191,classical
192,hiphop
193,rock
194,ambient
195,electronic
196,rock
197,electronic
198,rock
199,ambient
200,rock
201,ambient
202,pop
203,classical
204,pop
205,rock
206,latin
207,ambient
208,rock
209,latin
210,rock
211,classical
212,latin
213,pop
214,classical
215,rock
216,electronic
217,electronic
218,pop
219,ambient
220,jazz
221,pop
222,classical
223,jazz
224,classical
225,rock
226,latin
227,hiphop
228,hiphop
229,jazz
230,pop
231,latin
232,electronic
233,latin
234,pop
235,classical
236,classical
237,pop
238,rock
239,classical
240,jazz
241,hiphop
242,electronic
243,classical
244,classical
245,electronic
246,latin
247,pop
248,latin
249,electronic
